Workbook

Sheet Pivot_Stress
A3: Row Labels | B3: Average of EXAM SCORE
A4: HIGH | B4: 58.272727
A5: LOW | B5: 93.6875
A6: MODERATE | B6: 75.666667
A7: Grand Total | B7: 78.9

Sheet Pivot_Self Study
A3: Row Labels | B3: Average of EXAM SCORE
A4: 0 | B4: 58.272727
A5: 2 | B5: 75.666667
A6: 3.5 | B6: 82
A7: 4 | B7: 89.4
A8: 5 | B8: 97
A9: Grand Total | B9: 78.9

Sheet Pivot_Attendance
A3: Row Labels | B3: Average of EXAM SCORE
A4: Poor (<60%) | B4: 55
A5: Average (60 - 79%) | B5: 72.875
A6: Good (80 - 100%) | B6: 90.875
A7: Grand Total | B7: 78.9

Sheet Pivot_Health
A3: Row Labels | B3: Average of EXAM SCORE
A4: BAD | B4: 65.153846
A5: GOOD | B5: 89.411765
A6: Grand Total | B6: 78.9

Sheet Pivot_Tution
A3: Row Labels | B3: Average of EXAM SCORE
A4: yes | B4: 87.611111
A5: no | B5: 65.833333
A6: Grand Total | B6: 78.9

Sheet Pivot_DailyWork
A3: Row Labels | B3: Average of EXAM SCORE
A4: POOR | B4: 58.272727
A5: BELOW AVERAGE | B5: 75.666667
A6: SATISFACTORY | B6: 93.6875
A7: Grand Total | B7: 78.9

Sheet DashBoard
A1: Student Performance Analysis Dashboard
A4: Total Students | D4: Average Age
A6: =Analysis!B1 -> 30 | D6: =Analysis!B2 -> 19.766667
A8: Average Attendance | D8: Average Exam Score
A10: =Analysis!B3 -> 77.566667 | D10: =Analysis!B4 -> 78.9
A12: Highest Exam Score | D12: Lowest Exam Score
A14: =Analysis!B5 -> 100 | D14: =Analysis!B6 -> 40
B16: Average Self Study
B18: =Analysis!B7 -> 2.65
A37: Students with Low Stress Level is achieving high average score | K37: Students with High Attendance scored high average marks then poor attendance
A55: More Self Study hours associated with better academic performance | K55: Students with Good Health achieved hig scores than the students with poor health

Sheet Cleaned_Data
A1: NAME | B1: AGE | C1: ATTENDANCE | D1: ATTENDANCE GROUP | E1: EXAM SCORE | F1: VIDEO GAMES | G1: TUTION | H1: HEALTH | I1: STRESS | J1: DAILY WORK | K1: SELF STUDY
A2: raju | B2: 18 | C2: 100 | D2: =IF(C2<60, "Poor (<60%)", IF(AND(C2>=60,C2<80), "Average (60 - 79%)", "Good (80 - 100%)")) -> Good (80 - 100%) | E2: 89 | F2: 0.5 | G2: yes | H2: GOOD | I2: LOW | J2: SATISFACTORY | K2: 4
A3: bheem | B3: 19 | C3: 90 | D3: =IF(C3<60, "Poor (<60%)", IF(AND(C3>=60,C3<80), "Average (60 - 79%)", "Good (80 - 100%)")) -> Good (80 - 100%) | E3: 95 | F3: 0.5 | G3: yes | H3: GOOD | I3: LOW | J3: SATISFACTORY | K3: 5
A4: vignesh | B4: 22 | C4: 90 | D4: =IF(C4<60, "Poor (<60%)", IF(AND(C4>=60,C4<80), "Average (60 - 79%)", "Good (80 - 100%)")) -> Good (80 - 100%) | E4: 96 | F4: 0.5 | G4: yes | H4: GOOD | I4: LOW | J4: SATISFACTORY | K4: 5
A5: arun | B5: 18 | C5: 80 | D5: =IF(C5<60, "Poor (<60%)", IF(AND(C5>=60,C5<80), "Average (60 - 79%)", "Good (80 - 100%)")) -> Good (80 - 100%) | E5: 73 | F5: 2 | G5: no | H5: BAD | I5: MODERATE | J5: BELOW AVERAGE | K5: 2
A6: ankush | B6: 20 | C6: 100 | D6: =IF(C2<60, "Poor (<60%)", IF(AND(C2>=60,C2<80), "Average (60 - 79%)", "Good (80 - 100%)")) -> Good (80 - 100%) | E6: 97 | F6: 0.5 | G6: yes | H6: GOOD | I6: LOW | J6: SATISFACTORY | K6: 5
A7: abirami | B7: 20 | C7: 80 | D7: =IF(C2<60, "Poor (<60%)", IF(AND(C2>=60,C2<80), "Average (60 - 79%)", "Good (80 - 100%)")) -> Good (80 - 100%) | E7: 79 | F7: 1 | G7: no | H7: GOOD | I7: MODERATE | J7: BELOW AVERAGE | K7: 2
A8: arjun | B8: 21 | C8: 75 | D8: =IF(C8<60, "Poor (<60%)", IF(AND(C8>=60,C8<80), "Average (60 - 79%)", "Good (80 - 100%)")) -> Average (60 - 79%) | E8: 64 | F8: 2 | G8: yes | H8: BAD | I8: HIGH | J8: POOR | K8: 0
A9: sanjay | B9: 21 | C9: 60 | D9: =IF(C9<60, "Poor (<60%)", IF(C9<80, "Average (60 - 79%)", "Good (80 - 100%)")) -> Average (60 - 79%) | E9: 56 | F9: 3 | G9: no | H9: BAD | I9: HIGH | J9: POOR | K9: 0
A10: santhosh | B10: 20 | C10: 50 | D10: =IF(C10<60, "Poor (<60%)", IF(C10<80, "Average (60 - 79%)", "Good (80 - 100%)")) -> Poor (<60%) | E10: 52 | F10: 3 | G10: no | H10: BAD | I10: HIGH | J10: POOR | K10: 0
A11: saravana | B11: 20 | C11: 50 | D11: =IF(C10<60, "Poor (<60%)", IF(C10<80, "Average (60 - 79%)", "Good (80 - 100%)")) -> Poor (<60%) | E11: 54 | F11: 3 | G11: no | H11: BAD | I11: HIGH | J11: POOR | K11: 0
A12: rithan | B12: 17 | C12: 50 | D12: =IF(C10<60, "Poor (<60%)", IF(C10<80, "Average (60 - 79%)", "Good (80 - 100%)")) -> Poor (<60%) | E12: 55 | F12: 3 | G12: no | H12: BAD | I12: HIGH | J12: POOR | K12: 0
A13: gowsick | B13: 18 | C13: 100 | D13: =IF(C2<60, "Poor (<60%)", IF(AND(C2>=60,C2<80), "Average (60 - 79%)", "Good (80 - 100%)")) -> Good (80 - 100%) | E13: 98 | F13: 0.2 | G13: yes | H13: GOOD | I13: LOW | J13: SATISFACTORY | K13: 5
A14: manoj | B14: 20 | C14: 85 | D14: =IF(C2<60, "Poor (<60%)", IF(AND(C2>=60,C2<80), "Average (60 - 79%)", "Good (80 - 100%)")) -> Good (80 - 100%) | E14: 95 | F14: 0.5 | G14: yes | H14: GOOD | I14: LOW | J14: SATISFACTORY | K14: 5
A15: tharun | B15: 21 | C15: 74 | D15: =IF(C9<60, "Poor (<60%)", IF(C9<80, "Average (60 - 79%)", "Good (80 - 100%)")) -> Average (60 - 79%) | E15: 82 | F15: 1 | G15: yes | H15: GOOD | I15: LOW | J15: SATISFACTORY | K15: 3.5
A16: dharani | B16: 18 | C16: 86 | D16: =IF(C2<60, "Poor (<60%)", IF(AND(C2>=60,C2<80), "Average (60 - 79%)", "Good (80 - 100%)")) -> Good (80 - 100%) | E16: 90 | F16: 0.8 | G16: yes | H16: GOOD | I16: LOW | J16: SATISFACTORY | K16: 4
A17: vasu | B17: 19 | C17: 100 | D17: =IF(C2<60, "Poor (<60%)", IF(AND(C2>=60,C2<80), "Average (60 - 79%)", "Good (80 - 100%)")) -> Good (80 - 100%) | E17: 60 | F17: 2.5 | G17: no | H17: BAD | I17: HIGH | J17: POOR | K17: 0
A18: gowtham | B18: 19 | C18: 96 | D18: =IF(C2<60, "Poor (<60%)", IF(AND(C2>=60,C2<80), "Average (60 - 79%)", "Good (80 - 100%)")) -> Good (80 - 100%) | E18: 95 | F18: 0.5 | G18: yes | H18: GOOD | I18: LOW | J18: SATISFACTORY | K18: 5
A19: priya | B19: 20 | C19: 94 | D19: =IF(C2<60, "Poor (<60%)", IF(AND(C2>=60,C2<80), "Average (60 - 79%)", "Good (80 - 100%)")) -> Good (80 - 100%) | E19: 93 | F19: 0.5 | G19: yes | H19: GOOD | I19: LOW | J19: SATISFACTORY | K19: 4
A20: kajol | B20: 21 | C20: 66 | D20: =IF(C9<60, "Poor (<60%)", IF(C9<80, "Average (60 - 79%)", "Good (80 - 100%)")) -> Average (60 - 79%) | E20: 87 | F20: 1 | G20: yes | H20: GOOD | I20: LOW | J20: SATISFACTORY | K20: 4
A21: ramya | B21: 21 | C21: 64 | D21: =IF(C9<60, "Poor (<60%)", IF(C9<80, "Average (60 - 79%)", "Good (80 - 100%)")) -> Average (60 - 79%) | E21: 75 | F21: 2 | G21: no | H21: BAD | I21: MODERATE | J21: BELOW AVERAGE | K21: 2
A22: keerthi | B22: 19 | C22: 52 | D22: =IF(C10<60, "Poor (<60%)", IF(C10<80, "Average (60 - 79%)", "Good (80 - 100%)")) -> Poor (<60%) | E22: 79 | F22: 3.5 | G22: no | H22: BAD | I22: HIGH | J22: POOR | K22: 0
A23: lakshmi | B23: 18 | C23: 18 | D23: =IF(C10<60, "Poor (<60%)", IF(C10<80, "Average (60 - 79%)", "Good (80 - 100%)")) -> Poor (<60%) | E23: 40 | F23: 2 | G23: no | H23: BAD | I23: HIGH | J23: POOR | K23: 0
A24: dharshini | B24: 19 | C24: 78 | D24: =IF(C9<60, "Poor (<60%)", IF(C9<80, "Average (60 - 79%)", "Good (80 - 100%)")) -> Average (60 - 79%) | E24: 79 | F24: 1 | G24: no | H24: GOOD | I24: HIGH | J24: POOR | K24: 0
A25: sasi | B25: 19 | C25: 73 | D25: =IF(C9<60, "Poor (<60%)", IF(C9<80, "Average (60 - 79%)", "Good (80 - 100%)")) -> Average (60 - 79%) | E25: 88 | F25: 3 | G25: no | H25: BAD | I25: LOW | J25: SATISFACTORY | K25: 4
A26: sharmidha | B26: 20 | C26: 64 | D26: =IF(C9<60, "Poor (<60%)", IF(C9<80, "Average (60 - 79%)", "Good (80 - 100%)")) -> Average (60 - 79%) | E26: 52 | F26: 3 | G26: yes | H26: BAD | I26: HIGH | J26: POOR | K26: 0
A27: vasundhara | B27: 21 | C27: 58 | D27: =IF(C10<60, "Poor (<60%)", IF(C10<80, "Average (60 - 79%)", "Good (80 - 100%)")) -> Poor (<60%) | E27: 50 | F27: 0.2 | G27: yes | H27: GOOD | I27: HIGH | J27: POOR | K27: 0
A28: varnika | B28: 22 | C28: 97 | D28: =IF(C2<60, "Poor (<60%)", IF(AND(C2>=60,C2<80), "Average (60 - 79%)", "Good (80 - 100%)")) -> Good (80 - 100%) | E28: 97 | F28: 0.2 | G28: yes | H28: GOOD | I28: LOW | J28: SATISFACTORY | K28: 5
A29: hansika | B29: 22 | C29: 98 | D29: =IF(C2<60, "Poor (<60%)", IF(AND(C2>=60,C2<80), "Average (60 - 79%)", "Good (80 - 100%)")) -> Good (80 - 100%) | E29: 98 | F29: 0.2 | G29: yes | H29: GOOD | I29: LOW | J29: SATISFACTORY | K29: 5
A30: rai lakshmi | B30: 21 | C30: 99 | D30: =IF(C2<60, "Poor (<60%)", IF(AND(C2>=60,C2<80), "Average (60 - 79%)", "Good (80 - 100%)")) -> Good (80 - 100%) | E30: 99 | F30: 1.4 | G30: yes | H30: BAD | I30: LOW | J30: SATISFACTORY | K30: 5
A31: honey rose | B31: 19 | C31: 100 | D31: =IF(C2<60, "Poor (<60%)", IF(AND(C2>=60,C2<80), "Average (60 - 79%)", "Good (80 - 100%)")) -> Good (80 - 100%) | E31: 100 | F31: 0 | G31: yes | H31: GOOD | I31: LOW | J31: SATISFACTORY | K31: 5

Sheet Analysis
A1: Total Students | B1: =COUNTA(Cleaned_Data!A2:A31) -> 30
A2: Average Age | B2: =AVERAGE(Cleaned_Data!B2:B31) -> 19.766667
A3: Average Attendance | B3: =AVERAGE(Cleaned_Data!C2:C31) -> 77.566667
A4: Average Exam Score | B4: =AVERAGE(Cleaned_Data!E2:E31) -> 78.9
A5: Highest Exam Score | B5: =MAX(Cleaned_Data!E2:E31) -> 100
A6: Lowest Exam Score | B6: =MIN(Cleaned_Data!E2:E31) -> 40
A7: Average Self Study | B7: =AVERAGE(Cleaned_Data!K2:K31) -> 2.65

Sheet Raw_Data(Original)
A1: NAME | B1: AGE | C1: ATTENDANCE | D1: EXAM SCORE | E1: VIDEO GAMES | F1: TUTION | G1: HEALTH | H1: STRESS | I1: DAILY WORK | J1: SELF STUDY
A2: raju | B2: 18 | C2: 100 | D2: 89 | E2: 0.5 | F2: yes | G2: GOOD | H2: LOW | I2: SATISFACTORY | J2: 4
A3: bheem | B3: 19 | C3: 90 | D3: 95 | E3: 0.5 | F3: yes | G3: GOOD | H3: LOW | I3: SATISFACTORY | J3: 5
A4: vignesh | B4: 22 | C4: 90 | D4: 96 | E4: 0.5 | F4: yes | G4: GOOD | H4: LOW | I4: SATISFACTORY | J4: 5
A5: arun | B5: 18 | C5: 80 | D5: 73 | E5: 2 | F5: no | G5: BAD | H5: MODERATE | I5: BELOW AVERAGE | J5: 2
A6: ankush | B6: 20 | C6: 100 | D6: 97 | E6: 0.5 | F6: yes | G6: GOOD | H6: LOW | I6: SATISFACTORY | J6: 5
A7: abirami | B7: 20 | C7: 80 | D7: 79 | E7: 1 | F7: no | G7: GOOD | H7: MODERATE | I7: BELOW AVERAGE | J7: 2
A8: arjun | B8: 21 | C8: 75 | D8: 64 | E8: 2 | F8: yes | G8: BAD | H8: HIGH | I8: POOR | J8: 0
A9: sanjay | B9: 21 | C9: 60 | D9: 56 | E9: 3 | F9: no | G9: BAD | H9: HIGH | I9: POOR | J9: 0
A10: santhosh | B10: 20 | C10: 50 | D10: 52 | E10: 3 | F10: no | G10: BAD | H10: HIGH | I10: POOR | J10: 0
A11: saravana | C11: 50 | D11: 54 | E11: 3 | F11: no | G11: BAD | H11: HIGH | I11: POOR | J11: 0
A12: rithan | B12: 17 | C12: 50 | D12: 55 | E12: 3 | F12: no | G12: BAD | H12: HIGH | I12: POOR | J12: 0
A13: gowsick | B13: 18 | C13: 100 | D13: 98 | E13: 0.2 | F13: yes | G13: GOOD | H13: LOW | I13: SATISFACTORY | J13: 5
A14: manoj | B14: 20 | C14: 85 | D14: 95 | E14: 0.5 | F14: yes | G14: GOOD | H14: LOW | I14: SATISFACTORY | J14: 5
A15: tharun | B15: 21 | C15: 74 | D15: 82 | E15: 1 | G15: GOOD | H15: LOW | I15: SATISFACTORY | J15: 3.5
A16: dharani | B16: 18 | C16: 86 | D16: 90 | E16: 0.8 | F16: yes | G16: GOOD | H16: LOW | I16: SATISFACTORY | J16: 4
A17: vasu | B17: 19 | C17: 100 | D17: 60 | E17: 2.5 | F17: no | G17: BAD | H17: HIGH | I17: POOR | J17: 0
A18: gowtham | B18: 19 | C18: 96 | D18: 95 | E18: 0.5 | F18: yes | G18: GOOD | H18: LOW | I18: SATISFACTORY | J18: 5
A19: priya | B19: 20 | C19: 94 | D19: 93 | E19: 0.5 | F19: yes | G19: GOOD | H19: LOW | I19: SATISFACTORY | J19: 4
A20: kajol | B20: 21 | C20: 66 | D20: 87 | E20: 1 | F20: yes | G20: GOOD | H20: LOW | I20: SATISFACTORY | J20: 4
A21: ramya | B21: 21 | C21: 64 | D21: 75 | E21: 2 | F21: no | G21: BAD | H21: MODERATE | I21: BELOW AVERAGE | J21: 2
A22: keerthi | B22: 19 | C22: 52 | E22: 3.5 | F22: no | G22: BAD | H22: HIGH | I22: POOR | J22: 0
A23: lakshmi | B23: 18 | C23: 18 | D23: 40 | E23: 2 | F23: no | G23: BAD | H23: HIGH | I23: POOR | J23: 0
A24: dharshini | B24: 19 | E24: 1 | F24: no | G24: GOOD | H24: HIGH | I24: POOR | J24: 0
A25: sasi | B25: 19 | C25: 73 | D25: 88 | E25: 3 | F25: no | G25: BAD | H25: LOW | I25: SATISFACTORY | J25: 4
A26: sharmidha | B26: 20 | C26: 64 | D26: 52 | E26: 3 | F26: yes | G26: BAD | H26: HIGH | I26: POOR | J26: 0
A27: vasundhara | B27: 21 | C27: 58 | D27: 50 | E27: 0.2 | F27: yes | G27: GOOD | H27: HIGH | I27: POOR | J27: 0
A28: varnika | B28: 22 | C28: 97 | D28: 97 | E28: 0.2 | F28: yes | G28: GOOD | H28: LOW | I28: SATISFACTORY | J28: 5
A29: hansika | B29: 22 | C29: 98 | D29: 98 | E29: 0.2 | F29: yes | G29: GOOD | H29: LOW | I29: SATISFACTORY | J29: 5
A30: rai lakshmi | B30: 21 | C30: 99 | D30: 99 | F30: yes | G30: BAD | H30: LOW | I30: SATISFACTORY | J30: 5
A31: honey rose | B31: 19 | C31: 100 | D31: 100 | E31: 0 | F31: yes | G31: GOOD | H31: LOW | I31: SATISFACTORY | J31: 5
